benchmark_id,implementation_id,items,run_status,solution_status,bins_used,wall_s,peak_rss_bytes
B28,exact_cp_sat,16,COMPLETED,VALID_COMPLETE,2,0.07658895594067872,
B28,exact_cp_sat,32,COMPLETED,VALID_COMPLETE,4,0.5671077209990472,
B28,exact_cp_sat,64,COMPLETED,VALID_COMPLETE,8,3.9619713351130486,
B28,exact_cp_sat,8,COMPLETED,VALID_COMPLETE,1,0.024178375024348497,
B28,exact_cplex,16,ERROR,NO_SOLUTION,,0.09277938399463892,
B28,exact_cplex,32,ERROR,NO_SOLUTION,,0.7638792819343507,
B28,exact_cplex,64,ERROR,NO_SOLUTION,,6.110028560040519,
B28,exact_cplex,8,COMPLETED,VALID_COMPLETE,1,0.02616151887923479,
B28,exact_gurobi,16,COMPLETED,VALID_COMPLETE,2,0.06783947395160794,
B28,exact_gurobi,32,ERROR,NO_SOLUTION,,0.331888813059777,
B28,exact_gurobi,64,ERROR,NO_SOLUTION,,2.6982900470029563,
B28,exact_gurobi,8,COMPLETED,VALID_COMPLETE,1,0.007184450048953295,
B28,exact_scip,16,COMPLETED,VALID_COMPLETE,2,0.6150044267997146,
B28,exact_scip,32,COMPLETED,NO_SOLUTION,0,10.246058069169521,
B28,exact_scip,64,COMPLETED,NO_SOLUTION,0,11.775725051993504,
B28,exact_scip,8,COMPLETED,VALID_COMPLETE,1,0.019753944128751755,
B28,go_bp3d,16,COMPLETED,VALID_COMPLETE,2,0.0013054120354354382,
B28,go_bp3d,32,COMPLETED,VALID_COMPLETE,4,0.0015127439983189106,
B28,go_bp3d,64,COMPLETED,VALID_COMPLETE,8,0.002265659859403968,
B28,go_bp3d,8,COMPLETED,VALID_COMPLETE,1,0.001310523133724928,
B28,jerry,16,COMPLETED,VALID_COMPLETE,2,0.3983091451227665,
B28,jerry,32,COMPLETED,VALID_COMPLETE,4,0.41063674283213913,
B28,jerry,64,COMPLETED,VALID_COMPLETE,8,0.4830016160849482,
B28,jerry,8,COMPLETED,VALID_COMPLETE,1,0.3938758810982108,
B28,packingsolver_fork_box,16,COMPLETED,VALID_COMPLETE,2,1.0035825539380312,
B28,packingsolver_fork_box,32,COMPLETED,VALID_COMPLETE,4,1.0036459800321609,
B28,packingsolver_fork_box,64,COMPLETED,VALID_COMPLETE,8,1.0039001740515232,
B28,packingsolver_fork_box,8,COMPLETED,VALID_COMPLETE,1,1.0032796110026538,
B28,packingsolver_fork_boxstacks,16,COMPLETED,VALID_COMPLETE,2,0.007559964898973703,
B28,packingsolver_fork_boxstacks,32,COMPLETED,VALID_COMPLETE,4,0.016465592896565795,
B28,packingsolver_fork_boxstacks,64,COMPLETED,VALID_COMPLETE,8,0.04941441211849451,
B28,packingsolver_fork_boxstacks,8,COMPLETED,VALID_COMPLETE,1,0.004253017948940396,
B28,packingsolver_upstream_box,16,COMPLETED,VALID_COMPLETE,2,1.003436157014221,
B28,packingsolver_upstream_box,32,COMPLETED,VALID_COMPLETE,4,1.0036504501476884,
B28,packingsolver_upstream_box,64,COMPLETED,VALID_COMPLETE,8,1.00412076106295,
B28,packingsolver_upstream_box,8,COMPLETED,VALID_COMPLETE,1,1.0031412548851222,
B28,packingsolver_upstream_boxstacks,16,ERROR,NO_SOLUTION,,0.0,
B28,packingsolver_upstream_boxstacks,32,ERROR,NO_SOLUTION,,0.0,
B28,packingsolver_upstream_boxstacks,64,ERROR,NO_SOLUTION,,0.0,
B28,packingsolver_upstream_boxstacks,8,ERROR,NO_SOLUTION,,0.0,
B28,py3dbp,16,COMPLETED,VALID_COMPLETE,2,0.06833212007768452,
B28,py3dbp,32,COMPLETED,VALID_COMPLETE,4,0.080590097932145,
B28,py3dbp,64,COMPLETED,VALID_COMPLETE,8,0.12803702894598246,
B28,py3dbp,8,COMPLETED,VALID_COMPLETE,1,0.06561447191052139,
B28,rust_brkga,16,COMPLETED,VALID_COMPLETE,2,0.006054544122889638,
B28,rust_brkga,32,COMPLETED,VALID_COMPLETE,4,0.013568747090175748,
B28,rust_brkga,64,COMPLETED,VALID_COMPLETE,8,0.040855826111510396,
B28,rust_brkga,8,COMPLETED,VALID_COMPLETE,1,0.002997014904394746,
B28,rust_extreme_point,16,COMPLETED,VALID_COMPLETE,2,0.0010296190157532692,
B28,rust_extreme_point,32,COMPLETED,VALID_COMPLETE,4,0.0010987978894263506,
B28,rust_extreme_point,64,COMPLETED,VALID_COMPLETE,8,0.0014320358168333769,
B28,rust_extreme_point,8,COMPLETED,VALID_COMPLETE,1,0.0009624140802770853,
B28,rust_ga,16,COMPLETED,VALID_COMPLETE,2,0.011667110025882721,
B28,rust_ga,32,COMPLETED,VALID_COMPLETE,4,0.026823137886822224,
B28,rust_ga,64,COMPLETED,VALID_COMPLETE,8,0.06575368414632976,
B28,rust_ga,8,COMPLETED,VALID_COMPLETE,1,0.005714982049539685,
B28,rust_layer,16,COMPLETED,VALID_COMPLETE,2,0.0008849520236253738,
B28,rust_layer,32,COMPLETED,VALID_COMPLETE,4,0.0009568140376359224,
B28,rust_layer,64,COMPLETED,VALID_COMPLETE,8,0.0011003890540450811,
B28,rust_layer,8,COMPLETED,VALID_COMPLETE,1,0.0009556610602885485,
B28,rust_sa,16,COMPLETED,VALID_COMPLETE,2,0.013111470965668559,
B28,rust_sa,32,COMPLETED,VALID_COMPLETE,4,0.03164624096825719,
B28,rust_sa,64,COMPLETED,VALID_COMPLETE,8,0.07360196183435619,
B28,rust_sa,8,COMPLETED,VALID_COMPLETE,1,0.006574369966983795,
B28,skjolber_fast_bruteforce,16,COMPLETED,NO_SOLUTION,0,10.067301715025678,
B28,skjolber_fast_bruteforce,32,COMPLETED,NO_SOLUTION,0,10.067094054073095,
B28,skjolber_fast_bruteforce,64,COMPLETED,NO_SOLUTION,0,10.078189610969275,
B28,skjolber_fast_bruteforce,8,COMPLETED,VALID_COMPLETE,1,0.24465010315179825,
B28,skjolber_laff,16,COMPLETED,VALID_COMPLETE,2,0.2317392269615084,
B28,skjolber_laff,32,COMPLETED,VALID_COMPLETE,4,0.22490361612290144,
B28,skjolber_laff,64,COMPLETED,VALID_COMPLETE,8,0.2023338540457189,
B28,skjolber_laff,8,COMPLETED,VALID_COMPLETE,1,0.23164584417827427,
B28,skjolber_plain,16,COMPLETED,VALID_COMPLETE,2,0.2371440469287336,
B28,skjolber_plain,32,COMPLETED,VALID_COMPLETE,4,0.22581399395130575,
B28,skjolber_plain,64,COMPLETED,VALID_COMPLETE,8,0.22618000907823443,
B28,skjolber_plain,8,COMPLETED,VALID_COMPLETE,1,0.22133444901555777,
