ID,X,Y,Z,ROTATION_XYZ,ROTATION_YXZ,ROTATION_ZYX,ROTATION_YZX,ROTATION_XZY,ROTATION_ZXY,WEIGHT,COPIES,GROUP_ID,STACKABILITY_ID,NESTING_HEIGHT,MAXIMUM_STACKABILITY,MAXIMUM_WEIGHT_ABOVE
0,5,5,5,1,1,1,1,1,1,1,1,0,0,0,100,100000
1,5,5,5,1,1,1,1,1,1,1,1,0,0,0,100,100000
2,5,5,5,1,1,1,1,1,1,1,1,0,0,0,100,100000
3,5,5,5,1,1,1,1,1,1,1,1,0,0,0,100,100000
4,5,5,5,1,1,1,1,1,1,1,1,0,0,0,100,100000
5,5,5,5,1,1,1,1,1,1,1,1,0,0,0,100,100000
6,5,5,5,1,1,1,1,1,1,1,1,0,0,0,100,100000
7,5,5,5,1,1,1,1,1,1,1,1,0,0,0,100,100000
8,5,5,5,1,1,1,1,1,1,1,1,0,0,0,100,100000
