instance_key,family,order,metric,py3dbp,jerry,winner
THPACK1-028,THPACK1,descending,packed_volume,21722688,21722688,tie
THPACK1-050,THPACK1,descending,packed_volume,24715980,25514160,jerry
THPACK1-051,THPACK1,descending,packed_volume,23940589,23940589,tie
THPACK1-060,THPACK1,descending,packed_volume,24741639,25253127,jerry
THPACK1-063,THPACK1,descending,packed_volume,21906368,21906368,tie
THPACK1-068,THPACK1,descending,packed_volume,26913360,26072400,py3dbp
THPACK1-072,THPACK1,descending,packed_volume,23221765,23633715,jerry
THPACK1-091,THPACK1,descending,packed_volume,25495505,26505952,jerry
THPACK1-094,THPACK1,descending,packed_volume,25776498,26713266,jerry
THPACK9-001,THPACK9,descending,bins_used,50,50,tie
THPACK9-002,THPACK9,descending,bins_used,10,10,tie
THPACK9-003,THPACK9,descending,bins_used,23,23,tie
THPACK9-004,THPACK9,descending,bins_used,30,30,tie
THPACK9-005,THPACK9,descending,bins_used,52,52,tie
THPACK9-006,THPACK9,descending,bins_used,10,10,tie
THPACK9-007,THPACK9,descending,bins_used,16,16,tie
THPACK9-008,THPACK9,descending,bins_used,4,4,tie
THPACK9-009,THPACK9,descending,bins_used,22,22,tie
THPACK9-010,THPACK9,descending,bins_used,55,55,tie
THPACK9-011,THPACK9,descending,bins_used,20,20,tie
THPACK9-012,THPACK9,descending,bins_used,56,56,tie
THPACK9-013,THPACK9,descending,bins_used,40,40,tie
THPACK9-014,THPACK9,descending,bins_used,40,40,tie
THPACK9-015,THPACK9,descending,bins_used,15,15,tie
THPACK9-016,THPACK9,descending,bins_used,33,33,tie
THPACK9-017,THPACK9,descending,bins_used,10,10,tie
THPACK9-021,THPACK9,descending,bins_used,23,23,tie
THPACK9-022,THPACK9,descending,bins_used,10,10,tie
THPACK9-023,THPACK9,descending,bins_used,22,21,jerry
THPACK9-024,THPACK9,descending,bins_used,7,7,tie
THPACK9-025,THPACK9,descending,bins_used,5,5,tie
THPACK9-026,THPACK9,descending,bins_used,4,4,tie
THPACK9-027,THPACK9,descending,bins_used,5,5,tie
THPACK9-028,THPACK9,descending,bins_used,11,11,tie
THPACK9-029,THPACK9,descending,bins_used,21,21,tie
THPACK9-030,THPACK9,descending,bins_used,25,25,tie
THPACK9-031,THPACK9,descending,bins_used,14,14,tie
THPACK9-032,THPACK9,descending,bins_used,5,5,tie
THPACK9-033,THPACK9,descending,bins_used,5,5,tie
THPACK9-034,THPACK9,descending,bins_used,11,11,tie
THPACK9-036,THPACK9,descending,bins_used,14,14,tie
THPACK9-037,THPACK9,descending,bins_used,23,23,tie
THPACK9-038,THPACK9,descending,bins_used,45,45,tie
THPACK9-039,THPACK9,descending,bins_used,18,18,tie
THPACK9-040,THPACK9,descending,bins_used,11,11,tie
THPACK9-041,THPACK9,descending,bins_used,21,21,tie
THPACK9-042,THPACK9,descending,bins_used,5,4,jerry
THPACK9-043,THPACK9,descending,bins_used,4,3,jerry
THPACK9-044,THPACK9,descending,bins_used,4,4,tie
THPACK9-045,THPACK9,descending,bins_used,3,3,tie
THPACK9-046,THPACK9,descending,bins_used,2,2,tie
THPACK9-047,THPACK9,descending,bins_used,4,4,tie
THPACK1-028,THPACK1,ascending,packed_volume,17052152,19796972,jerry
THPACK1-050,THPACK1,ascending,packed_volume,24261540,25070040,jerry
THPACK1-051,THPACK1,ascending,packed_volume,19614079,22736800,jerry
THPACK1-060,THPACK1,ascending,packed_volume,22049082,23439654,jerry
THPACK1-063,THPACK1,ascending,packed_volume,20390056,21227464,jerry
THPACK1-068,THPACK1,ascending,packed_volume,22878720,24101760,jerry
THPACK1-072,THPACK1,ascending,packed_volume,18800060,19420220,jerry
THPACK1-091,THPACK1,ascending,packed_volume,18533728,19489618,jerry
THPACK1-094,THPACK1,ascending,packed_volume,20346843,22991268,jerry
THPACK9-001,THPACK9,ascending,bins_used,52,52,tie
THPACK9-002,THPACK9,ascending,bins_used,11,11,tie
THPACK9-003,THPACK9,ascending,bins_used,29,29,tie
THPACK9-004,THPACK9,ascending,bins_used,33,34,py3dbp
THPACK9-005,THPACK9,ascending,bins_used,76,76,tie
THPACK9-006,THPACK9,ascending,bins_used,11,11,tie
THPACK9-007,THPACK9,ascending,bins_used,16,16,tie
THPACK9-008,THPACK9,ascending,bins_used,5,5,tie
THPACK9-009,THPACK9,ascending,bins_used,22,22,tie
THPACK9-010,THPACK9,ascending,bins_used,55,55,tie
THPACK9-011,THPACK9,ascending,bins_used,20,20,tie
THPACK9-012,THPACK9,ascending,bins_used,56,56,tie
THPACK9-013,THPACK9,ascending,bins_used,48,48,tie
THPACK9-014,THPACK9,ascending,bins_used,50,50,tie
THPACK9-015,THPACK9,ascending,bins_used,16,16,tie
THPACK9-016,THPACK9,ascending,bins_used,36,36,tie
THPACK9-017,THPACK9,ascending,bins_used,11,11,tie
THPACK9-021,THPACK9,ascending,bins_used,39,39,tie
THPACK9-022,THPACK9,ascending,bins_used,13,13,tie
THPACK9-023,THPACK9,ascending,bins_used,26,26,tie
THPACK9-024,THPACK9,ascending,bins_used,9,9,tie
THPACK9-025,THPACK9,ascending,bins_used,6,6,tie
THPACK9-026,THPACK9,ascending,bins_used,4,4,tie
THPACK9-027,THPACK9,ascending,bins_used,5,5,tie
THPACK9-028,THPACK9,ascending,bins_used,13,13,tie
THPACK9-029,THPACK9,ascending,bins_used,23,23,tie
THPACK9-030,THPACK9,ascending,bins_used,29,29,tie
THPACK9-031,THPACK9,ascending,bins_used,16,16,tie
THPACK9-032,THPACK9,ascending,bins_used,7,7,tie
THPACK9-033,THPACK9,ascending,bins_used,6,6,tie
THPACK9-034,THPACK9,ascending,bins_used,13,13,tie
THPACK9-035,THPACK9,ascending,bins_used,3,3,tie
THPACK9-036,THPACK9,ascending,bins_used,19,19,tie
THPACK9-037,THPACK9,ascending,bins_used,27,27,tie
THPACK9-038,THPACK9,ascending,bins_used,58,58,tie
THPACK9-039,THPACK9,ascending,bins_used,20,20,tie
THPACK9-040,THPACK9,ascending,bins_used,12,12,tie
THPACK9-041,THPACK9,ascending,bins_used,24,24,tie
THPACK9-042,THPACK9,ascending,bins_used,5,5,tie
THPACK9-043,THPACK9,ascending,bins_used,4,4,tie
THPACK9-044,THPACK9,ascending,bins_used,4,4,tie
THPACK9-045,THPACK9,ascending,bins_used,4,3,jerry
THPACK9-046,THPACK9,ascending,bins_used,2,2,tie
THPACK9-047,THPACK9,ascending,bins_used,5,5,tie
